user_id,stance,notes
1block,,
24Willard,,
3720-To-One,,
4ku2,,
7in7turtles,,
AbolishDisney,,
Absenceofavoid,,
AcerbicCapsule,,
Adam-West,,
Admirable_Ad1947,,
Alba-Vulpix,,
Alternative_Usual189,,
AlwaysTheNoob,,
AnthraxEvangelist,,
ArcticAmoeba56,,
AuthorAElliott,,
Away_Simple_400,,
B33p-p33P-M3m3-kR33p,,
BigPickleFucker,,
BirdicBirb505,,
Blurry_Bigfoot,,
Boopdelahoop,,
C_2000,,
Can-Funny,,
Celebrinborn,,
Chardlz,,
Charles_Ye_Hammer,,
Chickens1,,
ChillingBaseDogs,,
ChocolateMorsels,,
ChuckJA,,
Da_WooDr,,
Damnatus_Terrae,,
Dartimien,,
DeltaBot,,
Dev_Sniper,,
DevilishRogue,,
Dontblowitup,,
Dr-Chant,,
Dry-Yogurtcloset8367,,
EclipseNine,,
Emergency-Toe2313,,
Enigmatic_Elephant,,
FelinePrudence,,
Finklesfudge,,
Fontaigne,,
Foxhound97_,,
Garbled2354,,
Garfieldealswarlock,,
Gaslov,,
GhostlyRuse,,
Giblette101,,
Gigantor2929,,
Gnostromo,,
Gravy_31,,
H0w-1nt3r3st1ng,,
HawkeyeDoc88,,
HolyPhlebotinum,,
Hothera,,
HrnyGrl420,,
Ikbeneenpaard,,
InfidelThree-6,,
IronSmithFE,,
Jarkside,,
JayStarr1082,,
JeffreyElonSkilling,,
JimmyMcGill15966,,
JustAZeph,,
Kalle_79,,
Kay312010,,
KonaKathie,,
Korwinga,,
KpYugai,,
KuttayKaBaccha,,
Lebrunski,,
Leeleeflyhi,,
LiamTheHuman,,
Long-Rate-445,,
Louloubelle0312,,
LowkeyJC,,
LunarCantaloupe,,
METALlica1joseph,,
MJOLNIRdragoon,,
Madauras,,
MeanderingDuck,,
MortalOutcast,,
MrGraeme,,
Mummelpuffin,,
MusicBox2969,,
MysticInept,,
NaturalCarob5611,,
NoLimitSoldier31,,
NoUsername817226,,
Nobio22,,
NomadicScribe,,
Noob_Al3rt,,
OkSnow9309,,
Omnibox777,,
Original-Giraffe6196,,
PanOfCakes,,
Pehz,,
Philo_T_Farnsworth,,
PhuckBigMoney,,
Phyltre,,
PhysicsCentrism,,
PoorCorrelation,,
RealLameUserName,,
RebornGod,,
Red_Igor,,
RelaxedApathy,,
RhynoD,,
RoundSilverButtons,,
Rufus_Reddit,,
SalaciousSlug,,
SamuraiPanda19,,
SanityInAnarchy,,
SayMyVagina,,
Senator_Taco,,
SeventeenFeralHogs,,
SixthAttemptAtAName,,
Some_Silver,,
SpareBox9560,,
StandbyHydraulic,,
Stokkolm,,
SuperRocketRumble,,
Swampsnuggle,,
SymphoDeProggy,,
Sypher90,,
Teresa2023,,
Terrible_Lift,,
TheDutchin,,
TheObviousDilemma,,
The_Confirminator,,
The_ZMD,,
ThemesOfMurderBears,,
Thirdwhirly,,
Trees_That_Sneeze,,
TripRichert,,
Tripanes,,
Tsondru_Nordsin,,
Turingading,,
Turst,,
Unlikely_Plankton_11,,
VikingFjorden,,
Vinces313,,
VoldaMike,,
WhatsThatNoize,,
WhiteCastleBurgas,,
WikiSummarizerBot,,
WolfTitan99,,
WorldsGreatestWorst,,
Yamuddah,,
Yangoose,,
ZX52,,
Zakapakataka,,
ZappSmithBrannigan,,
ZeusThunder369,,
actuallycallie,,
akcheat,,
allrollingwolf,,
alpicola,,
ampillion,,
angry_cabbie,,
apis_cerana,,
biancanevenc,,
blade740,,
blazershorts,,
bleunt,,
bolognahole,,
breckenridgeback,,
bwood637,,
c419331,,
carter1984,,
changemyview-ModTeam,,
cherflugen,,
coedwigz,,
cwood1973,,
darthgarth17,,
deaddevilking,,
deaddonkey,,
denzien,,
direwolfexmachina,,
disisathrowaway,,
dontknowhatitmeans,,
dxguy10,,
edpmis02,,
etreus,,
explainseconomics,,
fisherbeam,,
fuzzy9691,,
gaunteyes,,
gwankovera,,
hacksoncode,,
hammocknap5,,
hastur777,,
hornedCapybara,,
hubbird,,
humblevladimirthegr8,,
ilja1995,,
ipulloffmygstring,,
j_money_420,,
jackmans,,
jamvanderloeff,,
jerkularcirc,,
joelzwilliams,,
jpk195,,
jrossetti,,
jweezy2045,,
jwrig,,
ken8th,,
kfish5050,,
killcat,,
kyew,,
lcarlson6082,,
liftweight_eatpizza,,
maddieh17,,
mattg4704,,
matty839,,
misamouri,,
moobycow,,
navyzak,,
neat-stuff,,
ninjaturtlebomb,,
openeyes756,,
osamasbintrappin,,
otherestScott,,
overzealous_dentist,,
parentheticalobject,,
pawnman99,,
playsmartz,,
pyr0phelia,,
qjornt,,
quiet___thinker,,
rebuildmylifenow,,
renoops,,
rethinkr,,
rewt127,,
rollie82,,
rollingForInitiative,,
ryandury,,
sahuxley2,,
sal696969,,
scottevil110,,
screaming_bagpipes,,
shoshinsha00,,
silent_cat,,
silverionmox,,
src88,,
stewshi,,
strongbud82,,
summonblood,,
tengripop,,
tetrischem,,
there_no_more_names,,
timothyjwood,,
tony_1337,,
toooooold4this,,
uSeeSizeThatChicken,,
username_offline,,
vehementi,,
whatsup4,,
wizzahd,,
xethis,,
zerocoolforschool,,
zmamo2,,
